article,articleURL
Solving class imbalance on Google open images,https://medium.com/@aveysov/solving-class-imbalance-on-google-open-images-cf9e890bb146?source=tag_archive---------0---------------------
Data Warehouse design on Amazon Redshift,https://medium.com/@key2market/data-warehouse-design-on-amazon-redshift-ce0b359448a?source=tag_archive---------1---------------------
"Data Mining, It Ain’t All That",https://theumlaut.com/data-mining-it-aint-all-that-96c7c81226c2?source=tag_archive---------2---------------------
So you want to be a data scientist?,https://medium.com/@idavchev/so-you-want-to-be-a-data-scientist-6aa1a27991ce?source=tag_archive---------3---------------------
Data Science and Adphorus,https://blog.adphorus.com/data-science-and-adphorus-aeb2cd249136?source=tag_archive---------4---------------------
OHGB: Beating the Wheel of Fortune Bonus Round,https://medium.com/@edweng/ohgb-beating-the-wheel-of-fortune-bonus-round-ef9f47847124?source=tag_archive---------5---------------------
Data Science in Mexico,https://medium.com/pepe-carlos-blog/data-science-in-mexico-2131c92bb762?source=tag_archive---------6---------------------
Heat Maps Track Customers In Store: A Chance to Apply Analytics for a Better Customer Experience,https://medium.com/opex-analytics/heat-maps-track-customers-in-store-a-chance-to-apply-analytics-for-a-better-customer-experience-90b03cae4577?source=tag_archive---------7---------------------
Using Data Science to Better Predict Demand: Case from Twitter and the Flu Season,https://medium.com/opex-analytics/using-data-science-to-better-predict-demand-case-from-twitter-and-the-flu-season-9be037ddd175?source=tag_archive---------8---------------------
Find and Watch TV Shows on YouTube with CouchTube.net,https://blog.insightdatascience.com/find-and-watch-tv-shows-on-youtube-with-couchtube-net-78d7c1a7fa6?source=tag_archive---------0---------------------
So You Want to be a Kaggle Wizard,https://medium.com/@harleykwyn/so-you-want-to-be-a-kaggle-wizard-927484d72540?source=tag_archive---------1---------------------
Data: The Next Frontier,https://medium.com/texas-mccombs/data-the-next-frontier-839388867cdb?source=tag_archive---------2---------------------
Lack of Analytics Skills May Be Holding Up Your Supply Chain,https://medium.com/opex-analytics/lack-of-analytics-skills-may-be-holding-up-your-supply-chain-f83749f29a26?source=tag_archive---------3---------------------
Fellow Spotlight: Shelby Sturgis,https://blog.insightdatascience.com/fellow-spotlight-shelby-sturgis-ad24757982de?source=tag_archive---------0---------------------
"Creating, serving & storing data for discovery",https://medium.com/@Pinterest_Engineering/creating-serving-amp-storing-data-for-discovery-3f9f9ce7c139?source=tag_archive---------1---------------------
Insight Data Science Fellows Program launches New York session,https://blog.insightdatascience.com/insight-data-science-fellows-program-launches-new-york-session-af0801fcb56e?source=tag_archive---------2---------------------
What about the women?,https://medium.com/coursera-engineering/what-about-the-women-668638540946?source=tag_archive---------3---------------------
Predictions That Save Big Money,https://medium.com/opex-analytics/predictions-that-save-big-money-a995fac52967?source=tag_archive---------4---------------------
Managers Need to Know Technical Details of Analytics,https://medium.com/opex-analytics/managers-need-to-know-technical-details-of-analytics-92e7153ef963?source=tag_archive---------5---------------------
Spending Your Analytics Time Where It Counts,https://medium.com/opex-analytics/spending-your-analytics-time-where-it-counts-8ea0c9725ae7?source=tag_archive---------6---------------------
Our Ongoing Analytics Project with the NFL: Winning More Games,https://medium.com/opex-analytics/our-ongoing-analytics-project-with-the-nfl-winning-more-games-63a3d35c0745?source=tag_archive---------0---------------------
Benefits of Map Portals for Your Analytics Projects,https://medium.com/opex-analytics/benefits-of-map-portals-for-your-analytics-projects-e1b73892f1c1?source=tag_archive---------0---------------------
Data Inference: Drinking With the Dude,https://engineering.tapad.com/data-inference-drinking-with-the-dude-2f64fabdf410?source=tag_archive---------0---------------------
WSJ Article on the Importance of Analytics to Your Career,https://medium.com/opex-analytics/wsj-article-on-the-importance-of-analytics-to-your-career-afccfe2f3e0b?source=tag_archive---------0---------------------
Big Data Applied to the Supply Chain,https://medium.com/opex-analytics/big-data-applied-to-the-supply-chain-ebd50647af2b?source=tag_archive---------0---------------------
Sample Custom Optimization Scheduling Problem,https://medium.com/opex-analytics/sample-custom-optimization-scheduling-problem-e659c1baaf65?source=tag_archive---------1---------------------
Preparing for Insight,https://blog.insightdatascience.com/preparing-for-insight-ca7cc6087f91?source=tag_archive---------0---------------------
Add user pseudonyms in data analysis,https://sense.porganized.com/add-user-pseudonyms-in-data-analysis-f7cfcaf5848a?source=tag_archive---------1---------------------
Technical Note on Calculating Many Distances for Analytics Projects,https://medium.com/opex-analytics/technical-note-on-calculating-many-distances-for-analytics-projects-f48a39f8bb69?source=tag_archive---------0---------------------
Preparing for Insight,https://blog.insightdatascience.com/preparing-for-insight-ca7cc6087f91?source=tag_archive---------0---------------------
How to Model Event Data for Freemium Gaming Analytics,https://blog.keen.io/data-models-code-samples-for-gaming-analytics-19e793137868?source=tag_archive---------1---------------------
PlacePickr: Helping Couples Decide Where To Live,https://blog.insightdatascience.com/placepickr-helping-couples-decide-where-to-live-e2f26f95a0a1?source=tag_archive---------2---------------------
Data Inference: Drinking With the Dude,https://engineering.tapad.com/data-inference-drinking-with-the-dude-2f64fabdf410?source=tag_archive---------3---------------------
Adventures with Python: Warsaw’s bike parkings,https://medium.com/@maciejb/adventures-with-python-warsaws-bike-parkings-ebe3b19098fa?source=tag_archive---------4---------------------
Add user pseudonyms in data analysis,https://sense.porganized.com/add-user-pseudonyms-in-data-analysis-f7cfcaf5848a?source=tag_archive---------5---------------------
Technical Note on Calculating Many Distances for Analytics Projects,https://medium.com/opex-analytics/technical-note-on-calculating-many-distances-for-analytics-projects-f48a39f8bb69?source=tag_archive---------6---------------------
Big Data Applied to the Supply Chain,https://medium.com/opex-analytics/big-data-applied-to-the-supply-chain-ebd50647af2b?source=tag_archive---------7---------------------
Sample Custom Optimization Scheduling Problem,https://medium.com/opex-analytics/sample-custom-optimization-scheduling-problem-e659c1baaf65?source=tag_archive---------8---------------------
Benefits of Map Portals for Your Analytics Projects,https://medium.com/opex-analytics/benefits-of-map-portals-for-your-analytics-projects-e1b73892f1c1?source=tag_archive---------9---------------------
WSJ Article on the Importance of Analytics to Your Career,https://medium.com/opex-analytics/wsj-article-on-the-importance-of-analytics-to-your-career-afccfe2f3e0b?source=tag_archive---------10---------------------
Our Ongoing Analytics Project with the NFL: Winning More Games,https://medium.com/opex-analytics/our-ongoing-analytics-project-with-the-nfl-winning-more-games-63a3d35c0745?source=tag_archive---------11---------------------
How to Model Event Data for Freemium Gaming Analytics,https://blog.keen.io/data-models-code-samples-for-gaming-analytics-19e793137868?source=tag_archive---------0---------------------
Adventures with Python: Warsaw’s bike parkings,https://medium.com/@maciejb/adventures-with-python-warsaws-bike-parkings-ebe3b19098fa?source=tag_archive---------0---------------------
PlacePickr: Helping Couples Decide Where To Live,https://blog.insightdatascience.com/placepickr-helping-couples-decide-where-to-live-e2f26f95a0a1?source=tag_archive---------0---------------------
Experiment Reporting Framework,https://medium.com/airbnb-engineering/experiment-reporting-framework-4e3fcd29e6c0?source=tag_archive---------0---------------------
"What Do 220,000,000,000 Data Points Look Like?",https://medium.com/strava-engineering/what-do-220-000-000-000-data-points-look-like-d267107d9aa7?source=tag_archive---------1---------------------
Gradient descent vs coordinate descent,https://hackernoon.com/gradient-descent-vs-coordinate-descent-9b5657f1c59f?source=tag_archive---------2---------------------
Pick Your Fiction (And Your Career),https://blog.insightdatascience.com/pick-your-fiction-and-your-career-233cdea00725?source=tag_archive---------3---------------------
Understanding usage patterns with data,https://medium.com/@Pinterest_Engineering/understanding-usage-patterns-with-data-cf356b2e732e?source=tag_archive---------4---------------------
Contextual Analytics can Transform Banks into Customer Centric Leaders,https://medium.com/@tulliosiragusa/can-micro-contextual-analytics-transform-banks-into-customer-centric-leaders-f7a65403ca54?source=tag_archive---------5---------------------
Optimizing the Netflix Streaming Experience with Data Science,https://medium.com/netflix-techblog/optimizing-the-netflix-streaming-experience-with-data-science-725f04c3e834?source=tag_archive---------0---------------------
,https://anyperk.engineering/how-we-use-data-at-anyperk-5a01ae81fcf6?source=tag_archive---------1---------------------
,https://medium.com/product-man/are-we-viral-e1fe790933e6?source=tag_archive---------2---------------------
How to Do Zero-Downtime Database Migrations,https://medium.com/deployment-academy/how-to-do-zero-downtime-database-migrations-9d2d9eb37508?source=tag_archive---------3---------------------
Marinexplore Becomes Planet OS,https://medium.com/planet-os/marinexplore-becomes-planet-os-1f80a329f619?source=tag_archive---------4---------------------
Another Benefit of Analytics: Recruiting Talent,https://medium.com/opex-analytics/another-benefit-of-analytics-recruiting-talent-41f8907a5863?source=tag_archive---------5---------------------
Powering big data at Pinterest,https://medium.com/@Pinterest_Engineering/powering-big-data-at-pinterest-3c4836e2b112?source=tag_archive---------0---------------------
Grouping similar messages using Topic Modeling,https://medium.com/helpshift-engineering/grouping-similar-messages-using-topic-modeling-7ed4d77d067c?source=tag_archive---------1---------------------
Do You Really Want to See the First Available Doctor?,https://medium.com/@GrandRounds/do-you-really-want-to-see-the-first-available-doctor-48c234249839?source=tag_archive---------2---------------------
Power and productivity: the next step for big data,https://medium.com/@lauradinneen/power-and-productivity-the-next-step-for-big-data-407e8cd2beb8?source=tag_archive---------3---------------------
Economist Article: Use Big Data to Drive Many Small Changes That Add Up,https://medium.com/opex-analytics/economist-article-use-big-data-to-drive-many-small-changes-that-add-up-3fa79bf29447?source=tag_archive---------4---------------------
Optimal streaming histograms,https://amplitude.engineering/optimal-streaming-histograms-2af47e0cfcb2?source=tag_archive---------0---------------------
Data Science vs Data Engineering,https://blog.insightdatascience.com/data-science-vs-data-engineering-62da7678adaa?source=tag_archive---------0---------------------
The Data Science Behind Adphorus Algorithmic Optimization Engine: Marvin,https://blog.adphorus.com/the-data-science-behind-adphorus-algorithmic-optimization-engine-marvin-dc17c99e9e0d?source=tag_archive---------1---------------------
The relativity of knowledge and 2D vs. 3D Thinking….,https://medium.com/@AllBungled/the-relativity-of-knowledge-and-2d-vs-3d-thinking-9aaea1472931?source=tag_archive---------0---------------------
Data Science vs Data Engineering,https://blog.insightdatascience.com/data-science-vs-data-engineering-62da7678adaa?source=tag_archive---------0---------------------
The relativity of knowledge and 2D vs. 3D Thinking….,https://medium.com/@AllBungled/the-relativity-of-knowledge-and-2d-vs-3d-thinking-9aaea1472931?source=tag_archive---------1---------------------
The Bay Area’s Top Stops,https://medium.com/strava-engineering/the-bay-areas-top-stops-d9516b7a1009?source=tag_archive---------2---------------------
The Data Science Behind Adphorus Algorithmic Optimization Engine: Marvin,https://blog.adphorus.com/the-data-science-behind-adphorus-algorithmic-optimization-engine-marvin-dc17c99e9e0d?source=tag_archive---------3---------------------
,https://medium.com/beginner-at-bi-data-science-and-big-data/mode-analytics-sql-data-analysis-e9b1f469b098?source=tag_archive---------4---------------------
Walking the Beat: Mining Seattle’s Police Report Data,https://medium.com/beacon-labs-blog/walking-the-beat-mining-seattles-police-report-data-97e2f4804fba?source=tag_archive---------5---------------------
Tableau Software Data Visualization and Storytelling Capabilities,https://blog.openbridge.com/tableau-8-0-data-visualization-and-storytelling-capabilities-49b8aa945222?source=tag_archive---------6---------------------
Optimal streaming histograms,https://amplitude.engineering/optimal-streaming-histograms-2af47e0cfcb2?source=tag_archive---------7---------------------
"In Short, It’s a Lot",https://medium.com/beginner-at-bi-data-science-and-big-data/in-short-its-a-lot-1395c3a8f7fe?source=tag_archive---------8---------------------
Building a Comprehensive Database of Products: Open Problems and Challenges in Machine Learning,https://medium.indix.com/building-a-comprehensive-database-of-products-open-problems-and-challenges-in-machine-learning-42f42e1341a2?source=tag_archive---------9---------------------
"In Short, It’s a Lot",https://medium.com/beginner-at-bi-data-science-and-big-data/in-short-its-a-lot-1395c3a8f7fe?source=tag_archive---------0---------------------
Walking the Beat: Mining Seattle’s Police Report Data,https://medium.com/beacon-labs-blog/walking-the-beat-mining-seattles-police-report-data-97e2f4804fba?source=tag_archive---------0---------------------
Tableau Software Data Visualization and Storytelling Capabilities,https://blog.openbridge.com/tableau-8-0-data-visualization-and-storytelling-capabilities-49b8aa945222?source=tag_archive---------0---------------------
Big Data Does Not Mean Clean Data,https://medium.com/opex-analytics/big-data-does-not-mean-clean-data-8d34bcec2e88?source=tag_archive---------0---------------------
,https://medium.com/beginner-at-bi-data-science-and-big-data/mode-analytics-sql-data-analysis-e9b1f469b098?source=tag_archive---------0---------------------
The Bay Area’s Top Stops,https://medium.com/strava-engineering/the-bay-areas-top-stops-d9516b7a1009?source=tag_archive---------0---------------------
Building a Comprehensive Database of Products: Open Problems and Challenges in Machine Learning,https://medium.indix.com/building-a-comprehensive-database-of-products-open-problems-and-challenges-in-machine-learning-42f42e1341a2?source=tag_archive---------1---------------------
Analytics at Strava,https://medium.com/strava-engineering/analytics-at-strava-fcfc3291e85b?source=tag_archive---------0---------------------
Reactive LDA Library,https://medium.com/kifi-engineering/reactive-lda-library-d495ed2a6342?source=tag_archive---------1---------------------
Predicting iTunes Sales Through the Anatomy of Music,https://making.nextbigsound.com/predicting-itunes-sales-through-the-anatomy-of-music-8276f88c7328?source=tag_archive---------2---------------------
"A/B Testing,Experimentation @ Internet Scale",https://medium.com/coursera-engineering/a-b-testing-internet-scale-c151ad494650?source=tag_archive---------3---------------------
More Proof that You Should Pay Attention to Big Data: Case New Holland Ad for Farmers During a Big Ten Game is All…,https://medium.com/opex-analytics/more-proof-that-you-should-pay-attention-to-big-data-case-new-holland-ad-for-farmers-during-a-big-ae5ef632c16c?source=tag_archive---------4---------------------
It’s (not) complicated,https://medium.com/the-next-us/its-not-complicated-25c6cc6b7817?source=tag_archive---------5---------------------
Validating big data at scale,https://amplitude.engineering/validating-big-data-at-scale-eae3362c0686?source=tag_archive---------0---------------------
Building Data Science at Scale,https://medium.com/paypal-engineering/building-data-science-at-scale-3774f03c55bf?source=tag_archive---------0---------------------
What Artificial Intelligence Research and Toyota’s JIT Revolution Can Teach Us About Analytics,https://medium.com/opex-analytics/what-artificial-intelligence-research-and-toyotas-jit-revolution-can-teach-us-about-analytics-9be5147d63d0?source=tag_archive---------0---------------------
Insight community grows in Silicon Valley and expands to New York City,https://blog.insightdatascience.com/insight-community-grows-in-silicon-valley-and-expands-to-new-york-city-1019dc93305?source=tag_archive---------0---------------------
"Oh Sacred Science, Hallowed Be Thy Name",https://theumlaut.com/oh-sacred-science-hallowed-be-thy-name-a82fc35422b9?source=tag_archive---------0---------------------
Defending Credit for the World’s Poor with Data Science,https://medium.com/beacon-labs-blog/defending-credit-for-the-worlds-poor-with-data-science-43e3cf862e41?source=tag_archive---------0---------------------
That Time Keen Helped NASA Identify An Archiving Bug,https://blog.keen.io/that-time-keen-helped-nasa-identify-an-archiving-bug-fca190d8576a?source=tag_archive---------0---------------------
Defending Credit for the World’s Poor with Data Science,https://medium.com/beacon-labs-blog/defending-credit-for-the-worlds-poor-with-data-science-43e3cf862e41?source=tag_archive---------1---------------------
"Oh Sacred Science, Hallowed Be Thy Name",https://theumlaut.com/oh-sacred-science-hallowed-be-thy-name-a82fc35422b9?source=tag_archive---------2---------------------
Small Data Masquerading As Big Data,https://medium.com/data-science-for-humans/small-data-masquerading-as-big-data-6df309c7a82a?source=tag_archive---------3---------------------
Insight community grows in Silicon Valley and expands to New York City,https://blog.insightdatascience.com/insight-community-grows-in-silicon-valley-and-expands-to-new-york-city-1019dc93305?source=tag_archive---------4---------------------
Hyperloglog Algorithm: A must-know for data scientists,https://medium.com/@mParticle/hyperloglog-algorithm-a-must-know-for-data-scientists-ef0fa4ba5476?source=tag_archive---------5---------------------
Beyond Responsive Design,https://grahambling.rocks/beyond-responsive-design-6c7450b12aaa?source=tag_archive---------6---------------------
Building Data Science at Scale,https://medium.com/paypal-engineering/building-data-science-at-scale-3774f03c55bf?source=tag_archive---------7---------------------
What Artificial Intelligence Research and Toyota’s JIT Revolution Can Teach Us About Analytics,https://medium.com/opex-analytics/what-artificial-intelligence-research-and-toyotas-jit-revolution-can-teach-us-about-analytics-9be5147d63d0?source=tag_archive---------8---------------------
Mixing Real-Time and Batch Data Processing,https://medium.com/opex-analytics/mixing-real-time-and-batch-data-processing-f29b0b4fcb0a?source=tag_archive---------9---------------------
Small Data Masquerading As Big Data,https://medium.com/data-science-for-humans/small-data-masquerading-as-big-data-6df309c7a82a?source=tag_archive---------0---------------------
Mixing Real-Time and Batch Data Processing,https://medium.com/opex-analytics/mixing-real-time-and-batch-data-processing-f29b0b4fcb0a?source=tag_archive---------1---------------------
Why Structured Product Data is the Kernel of Good SEO,https://medium.indix.com/why-structured-product-data-is-the-kernel-of-good-seo-7a23a0407906?source=tag_archive---------0---------------------
Spark and In-Memory Databases: Tachyon Leading the Pack,https://medium.com/opex-analytics/spark-and-in-memory-databases-tachyon-leading-the-pack-97b2fad62d0?source=tag_archive---------0---------------------
Hyperloglog Algorithm: A must-know for data scientists,https://medium.com/@mParticle/hyperloglog-algorithm-a-must-know-for-data-scientists-ef0fa4ba5476?source=tag_archive---------0---------------------
A Prerequisite for On-Time Analytics Projects,https://medium.com/opex-analytics/a-prerequisite-for-on-time-analytics-projects-7f5ba939a1db?source=tag_archive---------0---------------------
That Time Keen Helped NASA Identify An Archiving Bug,https://blog.keen.io/that-time-keen-helped-nasa-identify-an-archiving-bug-fca190d8576a?source=tag_archive---------0---------------------
Beyond Responsive Design,https://grahambling.rocks/beyond-responsive-design-6c7450b12aaa?source=tag_archive---------0---------------------
Why Small and Medium Businesses (SMBs) Are a Big Opportunity for Business Analytics,https://medium.com/opex-analytics/why-small-and-medium-businesses-smbs-are-a-big-opportunity-for-business-analytics-dcdf27dde630?source=tag_archive---------1---------------------
,https://grahambling.rocks/aggregate-analytics-are-dumb-new-study-reveals-909ab1fa926a?source=tag_archive---------0---------------------
Three Ways the Supply Chain Wastes Big Data,https://medium.com/opex-analytics/three-ways-the-supply-chain-wastes-big-data-2ba208f287ff?source=tag_archive---------1---------------------
Modeling the Competition,https://medium.com/opex-analytics/modeling-the-competition-9ff11bce9fb0?source=tag_archive---------0---------------------
Why Data Scientists create poor Data Products ? 5 humbling lessons,https://medium.com/@fluturads/why-data-scientists-create-poor-data-products-5-humbling-lessons-6c2fa100a022?source=tag_archive---------0---------------------
Five Lessons from “Scaling Up Excellence”,https://medium.com/opex-analytics/5-lessons-from-the-book-scaling-up-excellence-1fe55901e599?source=tag_archive---------0---------------------
,https://towardsdatascience.com/what-makes-a-good-data-scientist-engineer-a8b4d7948a86?source=tag_archive---------0---------------------
,https://medium.com/data-engineering/engineering-your-own-education-2804691d09a?source=tag_archive---------0---------------------
,https://towardsdatascience.com/what-makes-a-good-data-scientist-engineer-a8b4d7948a86?source=tag_archive---------0---------------------
,https://medium.com/data-engineering/engineering-your-own-education-2804691d09a?source=tag_archive---------1---------------------
Getting Started With Data Science In Python,https://medium.com/@jdwittenauer/getting-started-with-data-science-in-python-8005028d2c21?source=tag_archive---------2---------------------
The Data Scientist Shortage Myth,https://medium.com/data-science-for-humans/the-data-scientist-shortage-myth-44c9538ae5c6?source=tag_archive---------3---------------------
"#DatosAbiertos: “Los datos mienten tanto como la gente, incluso más”: ",https://medium.com/periodistas-cr/datosabiertos-los-datos-mienten-tanto-como-la-gente-incluso-mas-gianninasegnini-6134da8fd8cc?source=tag_archive---------4---------------------
,https://grahambling.rocks/aggregate-analytics-are-dumb-new-study-reveals-909ab1fa926a?source=tag_archive---------5---------------------
Why Data Scientists create poor Data Products ? 5 humbling lessons,https://medium.com/@fluturads/why-data-scientists-create-poor-data-products-5-humbling-lessons-6c2fa100a022?source=tag_archive---------6---------------------
Three Ways the Supply Chain Wastes Big Data,https://medium.com/opex-analytics/three-ways-the-supply-chain-wastes-big-data-2ba208f287ff?source=tag_archive---------7---------------------
Data Science + Behavioral Science = Force Multiplier ! 3 Real Life Stories,https://medium.com/@fluturads/data-science-behavioral-science-force-multiplier-3-real-life-stories-e08459002a23?source=tag_archive---------8---------------------
"Shazam Is Shaping Music, Not Just Identifying It",https://medium.com/@stoweboyd/shazam-is-shaping-music-not-just-identifying-it-5262079d3a0?source=tag_archive---------9---------------------
CSCMP’s Supply Chain Quarterly: Three Things You Should Know About Big Data and Analytics,https://medium.com/opex-analytics/cscmps-supply-chain-quarterly-three-things-you-should-know-about-big-data-and-analytics-b22612b85d9c?source=tag_archive---------0---------------------
The Data Scientist Shortage Myth,https://medium.com/data-science-for-humans/the-data-scientist-shortage-myth-44c9538ae5c6?source=tag_archive---------0---------------------
US Names,
"Shazam Is Shaping Music, Not Just Identifying It",https://medium.com/@stoweboyd/shazam-is-shaping-music-not-just-identifying-it-5262079d3a0?source=tag_archive---------0---------------------
"#DatosAbiertos: “Los datos mienten tanto como la gente, incluso más”: ",https://medium.com/periodistas-cr/datosabiertos-los-datos-mienten-tanto-como-la-gente-incluso-mas-gianninasegnini-6134da8fd8cc?source=tag_archive---------0---------------------
Getting Started With Data Science In Python,https://medium.com/@jdwittenauer/getting-started-with-data-science-in-python-8005028d2c21?source=tag_archive---------0---------------------
Data Science + Behavioral Science = Force Multiplier ! 3 Real Life Stories,https://medium.com/@fluturads/data-science-behavioral-science-force-multiplier-3-real-life-stories-e08459002a23?source=tag_archive---------1---------------------
Steps to become Data Scientist,
"Round Table with Jacqui Taylor, Flying Binary",https://blog.angelacademe.com/round-table-with-jacqui-taylor-flying-binary-2d3d1a16e72e?source=tag_archive---------0---------------------
,https://grahambling.rocks/why-im-leaving-big-data-for-a-flip-phone-f15a7c3372b8?source=tag_archive---------0---------------------
Dynamic Data Warehousing of Semi-Structured Data with Snowflake,https://insight.full360.com/dynamic-data-warehousing-of-semi-structured-data-with-snowflake-df156a226158?source=tag_archive---------1---------------------
Dynamic Data Warehousing of Semi-Structured Data with Snowflake,https://insight.full360.com/dynamic-data-warehousing-of-semi-structured-data-with-snowflake-db430608dc8a?source=tag_archive---------2---------------------
Full360 ElasticBI Data Platform,https://medium.com/@mdcbowen/full360-elasticbi-data-platform-f4124b28ba4c?source=tag_archive---------0---------------------
"Tableau and Plotly Dashboards: Science, Finance, Banking, 3D & Beyond",https://medium.com/@plotlygraphs/tableau-and-plotly-dashboards-science-finance-banking-3d-beyond-5bc0f06dd65c?source=tag_archive---------0---------------------
How and Why to Use Google Analytics Custom Campaigns,https://medium.com/@innoarchitech/how-and-why-to-use-google-analytics-custom-campaigns-73901d1c945c?source=tag_archive---------0---------------------
"Tableau and Plotly Dashboards: Science, Finance, Banking, 3D & Beyond",https://medium.com/@plotlygraphs/tableau-and-plotly-dashboards-science-finance-banking-3d-beyond-5bc0f06dd65c?source=tag_archive---------0---------------------
Sentiment and semantic analysis of Facebook conversations. (ENG),https://medium.com/@javiergb_com/sentiment-and-semantic-analysis-of-facebook-conversations-eng-8f1f51292241?source=tag_archive---------1---------------------
,https://grahambling.rocks/why-im-leaving-big-data-for-a-flip-phone-f15a7c3372b8?source=tag_archive---------2---------------------
Dynamic Data Warehousing of Semi-Structured Data with Snowflake,https://insight.full360.com/dynamic-data-warehousing-of-semi-structured-data-with-snowflake-df156a226158?source=tag_archive---------3---------------------
How and Why to Use Google Analytics Custom Campaigns,https://medium.com/@innoarchitech/how-and-why-to-use-google-analytics-custom-campaigns-73901d1c945c?source=tag_archive---------4---------------------
Steps to become Data Scientist,
Dynamic Data Warehousing of Semi-Structured Data with Snowflake,https://insight.full360.com/dynamic-data-warehousing-of-semi-structured-data-with-snowflake-db430608dc8a?source=tag_archive---------6---------------------
How 150 Data Scientists Gathered to Hack for Social Good,https://medium.com/beacon-labs-blog/how-150-data-scientists-gathered-to-hack-for-social-good-fac8bdd927fc?source=tag_archive---------7---------------------
Experiência de Mercado x Dados: de que lado ficar?,https://medium.com/@intelie3/experi%C3%AAncia-de-mercado-x-dados-de-que-lado-ficar-71d445433a7e?source=tag_archive---------8---------------------
Full360 ElasticBI Data Platform,https://medium.com/@mdcbowen/full360-elasticbi-data-platform-f4124b28ba4c?source=tag_archive---------9---------------------
How 150 Data Scientists Gathered to Hack for Social Good,https://medium.com/beacon-labs-blog/how-150-data-scientists-gathered-to-hack-for-social-good-fac8bdd927fc?source=tag_archive---------0---------------------
Sentiment and semantic analysis of Facebook conversations. (ENG),https://medium.com/@javiergb_com/sentiment-and-semantic-analysis-of-facebook-conversations-eng-8f1f51292241?source=tag_archive---------0---------------------
Experiência de Mercado x Dados: de que lado ficar?,https://medium.com/@intelie3/experi%C3%AAncia-de-mercado-x-dados-de-que-lado-ficar-71d445433a7e?source=tag_archive---------0---------------------
